market_slug,ticker,earnings_date,eps_type,accounting_basis,eps_target,actual_eps,consensus_mean,beat_prob_last,sigma,implied_eps_t,implied_eps_ecdf
aapl-quarterly-earnings-gaap-eps-01-29-2026-2pt67,AAPL,2026-01-29,gaap,GAAP,2.67,2.84,2.66,0.9466416752453384,0.20405547374093247,3.09,2.93
aapl-quarterly-earnings-gaap-eps-10-30-2025-1pt76,AAPL,2025-10-30,gaap,GAAP,1.76,7.46,1.75,0.999,0.20169546501114155,3.21,2.37
abnb-quarterly-earnings-gaap-eps-02-12-2026-0pt66,ABNB,2026-02-12,gaap,GAAP,0.66,4.03,0.66,0.5342858016292087,1.3642535976818528,0.78,0.64
abnb-quarterly-earnings-gaap-eps-11-06-2025-2pt32,ABNB,2025-11-06,gaap,GAAP,2.32,2.21,2.32,0.7453149502475523,1.356781787238397,3.3,2.38
acm-quarterly-earnings-nongaap-eps-02-09-2026-1pt16,ACM,2026-02-09,nongaap,Non-GAAP,1.16,1.29,1.17,0.7880008188657683,0.058309518948452994,1.21,1.14
acm-quarterly-earnings-nongaap-eps-11-18-2025-1pt34,ACM,2025-11-18,nongaap,Non-GAAP,1.34,5.26,1.34,0.9490359858665816,0.05765624358421578,1.46,1.34
acn-quarterly-earnings-gaap-eps-12-18-2025-3pt44,ACN,2025-12-18,gaap,GAAP,3.44,3.54,3.52,0.902975393009228,0.26985967172632974,3.86,3.71
adbe-quarterly-earnings-nongaap-eps-12-10-2025-5pt4,ADBE,2025-12-10,nongaap,Non-GAAP,5.4,20.94,5.39,0.9687882934746874,0.016787441193290103,5.44,5.31
adsk-quarterly-earnings-nongaap-eps-11-25-2025-2pt5,ADSK,2025-11-25,nongaap,Non-GAAP,2.5,2.67,2.5,0.9990000000000003,0.06443225241690027,2.96,2.5
afl-quarterly-earnings-nongaap-eps-02-04-2026-1pt7,AFL,2026-02-04,nongaap,Non-GAAP,1.7,7.49,1.69,0.6922500718365024,0.25003484605635323,1.84,1.68
all-quarterly-earnings-nongaap-eps-02-04-2026-9pt86,ALL,2026-02-04,nongaap,Non-GAAP,9.86,34.83,9.72,0.8785673061171364,1.4176621279736965,11.8,10.35
all-quarterly-earnings-nongaap-eps-11-05-2025-7pt51,ALL,2025-11-05,nongaap,Non-GAAP,7.51,11.17,7.35,0.9601112885547063,1.1716758265084428,10.25,8.46
ally-quarterly-earnings-nongaap-eps-01-21-2026-1pt04,ALLY,2026-01-21,nongaap,Non-GAAP,1.04,3.81,1.03,0.8949185800849297,0.14984840824828755,1.26,1.06
ampl-quarterly-earnings-nongaap-eps-11-05-2025-0pt01,AMPL,2025-11-05,nongaap,Non-GAAP,0.01,0.02,0.01,0.7081068744344454,0.013706888336846839,0.02,0.0
amzn-quarterly-earnings-gaap-eps-02-05-2026-1pt95,AMZN,2026-02-05,gaap,GAAP,1.95,7.17,1.96,0.9496936988058303,0.15374122295716147,2.28,1.9
amzn-quarterly-earnings-gaap-eps-10-30-2025-1pt56,AMZN,2025-10-30,gaap,GAAP,1.56,1.95,1.57,0.999,0.1549975561879684,2.67,1.71
app-quarterly-earnings-gaap-eps-02-11-2026-2pt95,APP,2026-02-11,gaap,GAAP,2.95,9.75,2.95,0.8747228625705112,0.19462206479754707,3.21,2.92
app-quarterly-earnings-gaap-eps-11-05-2025-2pt39,APP,2025-11-05,gaap,GAAP,2.39,2.4505,2.42,0.8270953740649788,0.2009730119074487,2.6,2.37
aptv-quarterly-earnings-nongaap-eps-02-02-2026-1pt86,APTV,2026-02-02,nongaap,Non-GAAP,1.86,7.82,1.83,0.8712351150964547,0.09971170564394252,1.99,1.81
arcc-quarterly-earnings-nongaap-eps-10-28-2025-0pt5,ARCC,2025-10-28,nongaap,Non-GAAP,0.5,0.5,0.5,0.4123012028126422,0.03450955072018601,0.49,0.5
ares-quarterly-earnings-nongaap-eps-02-05-2026-1pt69,ARES,2026-02-05,nongaap,Non-GAAP,1.69,4.76,1.7,0.6953941790153896,0.09403416529338815,1.74,1.77
ares-quarterly-earnings-nongaap-eps-11-03-2025-1pt14,ARES,2025-11-03,nongaap,Non-GAAP,1.14,1.19,1.15,0.655662566159526,0.09346446415941227,1.18,1.19
arm-quarterly-earnings-nongaap-eps-02-04-2026-0pt41,ARM,2026-02-04,nongaap,Non-GAAP,0.41,0.43,0.41,0.8866388035066883,0.029154759474226494,0.45,0.39
arm-quarterly-earnings-nongaap-eps-11-05-2025-0pt33,ARM,2025-11-05,nongaap,Non-GAAP,0.33,0.39,0.33,0.8869174797243811,0.03090885217631257,0.37,0.3
as-quarterly-earnings-nongaap-eps-11-18-2025-0pt25,AS,2025-11-18,nongaap,Non-GAAP,0.25,0.33,0.25,0.8070947192033227,0.04760952285695234,0.3,0.22
asan-quarterly-earnings-nongaap-eps-12-02-2025-0pt06,ASAN,2025-12-02,nongaap,Non-GAAP,0.06,0.07,0.06,0.9205842865071554,0.033529724488018456,0.12,0.05
ato-quarterly-earnings-gaap-eps-11-05-2025-0pt97,ATO,2025-11-05,gaap,GAAP,0.97,7.46,0.97,0.999,0.06482493908421916,1.44,1.02
avgo-quarterly-earnings-nongaap-eps-12-11-2025-1pt87,AVGO,2025-12-11,nongaap,Non-GAAP,1.87,6.82,1.86,0.9673366488219147,0.029210832361860735,1.94,1.86
azo-quarterly-earnings-gaap-eps-12-09-2025-32pt58,AZO,2025-12-09,gaap,GAAP,32.58,31.04,32.47,0.6611040165363828,2.057292277521965,33.5,34.0
azz-quarterly-earnings-nongaap-eps-2025-10-08-1pt57,AZZ,2025-10-08,nongaap,Non-GAAP,1.57,1.55,1.58,0.8682948655412239,0.11999999999999998,1.73,1.62
ba-quarterly-earnings-nongaap-eps-10-29-2025-neg2pt38,BA,2025-10-29,nongaap,Non-GAAP,-2.38,-7.47,-2.48,0.35355864688102134,2.1384579193258104,-3.24,-2.48
bac-quarterly-earnings-gaap-eps-01-14-2026-0pt97,BAC,2026-01-14,gaap,GAAP,0.97,3.81,0.97,0.8903949752038234,0.09853471930792165,1.11,0.99
bby-quarterly-earnings-nongaap-eps-11-25-2025-1pt31,BBY,2025-11-25,nongaap,Non-GAAP,1.31,1.4,1.31,0.9780548942356596,0.14674240468703423,1.74,1.33
bfc-quarterly-earnings-gaap-eps-01-20-2026-1pt8,BFC,2026-01-20,gaap,GAAP,1.8,7.23,1.75,0.6699999195999293,0.5865325690406753,2.08,1.79
bgc-quarterly-earnings-nongaap-eps-02-12-2026-0pt29,BGC,2026-02-12,nongaap,Non-GAAP,0.29,1.18,0.29,0.5285386477172765,0.009999999999999995,0.29,0.29
bgc-quarterly-earnings-nongaap-eps-11-06-2025-0pt28,BGC,2025-11-06,nongaap,Non-GAAP,0.28,0.29,0.28,0.5017137306947077,0.009999999999999998,0.28,0.28
bird-quarterly-earnings-gaap-eps-11-06-2025-neg2pt66,BIRD,2025-11-06,gaap,GAAP,-2.66,-2.49,-2.7,0.7197870883759232,1.1187560732863762,-1.95,-2.87
bk-quarterly-earnings-nongaap-eps-01-13-2026-1pt99,BK,2026-01-13,nongaap,Non-GAAP,1.99,7.5,1.99,0.9385262466470562,0.17420599092088446,2.33,1.95
bkng-quarterly-earnings-nongaap-eps-10-28-2025-95pt61,BKNG,2025-10-28,nongaap,Non-GAAP,95.61,99.5,95.27,0.880101110844241,2.3491945750650682,98.85,93.14
blk-quarterly-earnings-nongaap-eps-01-15-2026-12pt64,BLK,2026-01-15,nongaap,Non-GAAP,12.64,48.09,12.72,0.5243480245469432,0.6617241025372944,12.68,12.12
blk-quarterly-earnings-nongaap-eps-2025-10-14-11pt76,BLK,2025-10-14,nongaap,Non-GAAP,11.76,11.55,11.87,0.9698529954711782,0.5959926784175061,13.31,11.99
blsh-quarterly-earnings-gaap-eps-11-19-2025-1pt59,BLSH,2025-11-19,gaap,GAAP,1.59,0.1,0.57,0.40752720102848816,,,
bmbl-quarterly-earnings-gaap-eps-11-05-2025-0pt33,BMBL,2025-11-05,gaap,GAAP,0.33,0.33,0.37,0.2250444035717085,1.6587424499154522,-1.06,0.3
bp-quarterly-earnings-nongaap-eps-02-10-2026-0pt61,BP,2026-02-10,nongaap,Non-GAAP,0.61,2.88,0.64,0.06864086746486531,0.17096827634140643,0.29,0.41
brze-quarterly-earnings-nongaap-eps-12-09-2025-0pt07,BRZE,2025-12-09,nongaap,Non-GAAP,0.07,0.06,0.06,0.0010000000000000009,0.037254245232976976,-0.2,-0.05
btm-quarterly-earnings-gaap-eps-11-13-2025-0pt1,BTM,2025-11-13,gaap,GAAP,0.1,0.08,0.06,0.3372608444181299,,,0.11
bud-quarterly-earnings-nongaap-eps-02-12-2026-0pt89,BUD,2026-02-12,nongaap,Non-GAAP,0.89,3.73,0.93,0.9443769551426919,0.07464562744708961,1.04,0.86
bud-quarterly-earnings-nongaap-eps-10-30-2025-0pt95,BUD,2025-10-30,nongaap,Non-GAAP,0.95,0.99,0.95,0.999,0.07593358341938758,1.49,0.92
burl-quarterly-earnings-gaap-eps-11-25-2025-1pt55,BURL,2025-11-25,gaap,GAAP,1.55,1.635,1.59,0.8381505336341621,0.2525910600879683,1.83,1.67
bx-quarterly-earnings-gaap-eps-10-23-2025-1pt23,BX,2025-10-23,gaap,GAAP,1.23,0.8,2.41,0.6523534969801558,0.9382624172566882,1.63,2.39
bynd-quarterly-earnings-gaap-eps-11-04-2025-neg0pt48,BYND,2025-11-04,gaap,GAAP,-0.48,-1.44,-0.41,0.14999999179473145,0.36332171693968424,-0.91,-0.53
bzfd-quarterly-earnings-gaap-eps-11-06-2025-neg0pt06,BZFD,2025-11-06,gaap,GAAP,-0.06,-0.2,-0.06,0.14665417433495062,1.044156072990003,-1.32,-0.01
c-quarterly-earnings-gaap-eps-01-14-2026-1pt69,C,2026-01-14,gaap,GAAP,1.69,6.99,1.83,0.3287066044521706,0.6183035196602413,1.39,1.54
c-quarterly-earnings-gaap-eps-2025-10-14-1pt90,C,2025-10-14,gaap,GAAP,1.9,1.86,1.89,0.7332878352393695,0.6484807419864315,2.34,1.94
cat-quarterly-earnings-nongaap-eps-10-29-2025-4pt52,CAT,2025-10-29,nongaap,Non-GAAP,4.52,4.95,4.54,0.6071778990213865,0.44671443661335597,4.65,4.21
cb-quarterly-earnings-nongaap-eps-10-21-2025-5pt78,CB,2025-10-21,nongaap,Non-GAAP,5.78,7.49,6.15,0.8799999895847112,0.2951771425001357,6.19,5.78
cbre-quarterly-earnings-gaap-eps-10-23-2025-1pt27,CBRE,2025-10-23,gaap,GAAP,1.27,1.21,1.27,0.4822221493006979,0.32305164752667176,1.25,1.46
cbt-quarterly-earnings-nongaap-eps-11-03-2025-1pt68,CBT,2025-11-03,nongaap,Non-GAAP,1.68,7.25,1.68,0.8352776422768206,0.0874729395385519,1.78,1.67
ccl-quarterly-earnings-nongaap-eps-12-19-2025-0pt25,CCL,2025-12-19,nongaap,Non-GAAP,0.25,2.25,0.25,0.9707536035923603,0.039312269655344824,0.35,0.22
celh-quarterly-earnings-gaap-eps-11-06-2025-0pt26,CELH,2025-11-06,gaap,GAAP,0.26,-0.27,0.24,0.9071611946944814,0.26322635883370127,0.68,0.49
cflt-quarterly-earnings-nongaap-eps-10-27-2025-0pt1,CFLT,2025-10-27,nongaap,Non-GAAP,0.1,0.13,0.1,0.7663616312604844,0.023915887961137822,0.12,0.09
chdn-quarterly-earnings-gaap-eps-10-22-2025-1,CHDN,2025-10-22,gaap,GAAP,1.0,0.54,0.95,0.06685041399062008,0.4722197340992086,0.11,0.44
chgg-quarterly-earnings-nongaap-eps-02-09-2026-neg0pt1,CHGG,2026-02-09,nongaap,Non-GAAP,-0.1,0.03,-0.11,0.638622581920103,0.04252450274057691,-0.08,-0.11
chgg-quarterly-earnings-nongaap-eps-11-10-2025-neg0pt08,CHGG,2025-11-10,nongaap,Non-GAAP,-0.08,0.0,-0.06,0.2868604031737999,0.04355421560503296,-0.11,-0.1
chwy-quarterly-earnings-nongaap-eps-12-10-2025-0pt3,CHWY,2025-12-10,nongaap,Non-GAAP,0.3,0.14,0.13,0.8764309389594198,0.06853444168423418,0.39,0.33
ci-quarterly-earnings-nongaap-eps-02-05-2026-7pt88,CI,2026-02-05,nongaap,Non-GAAP,7.88,29.84,7.88,0.781076553481289,0.40130374651839107,8.23,7.78
clx-quarterly-earnings-nongaap-eps-11-03-2025-0pt79,CLX,2025-11-03,nongaap,Non-GAAP,0.79,0.85,0.79,0.88769904961834,0.3015854570081056,1.22,0.71
cme-quarterly-earnings-nongaap-eps-02-04-2026-2pt74,CME,2026-02-04,nongaap,Non-GAAP,2.74,11.2,2.74,0.8681347655956104,0.027906771199618905,2.78,2.72
cme-quarterly-earnings-nongaap-eps-10-22-2025-2pt65,CME,2025-10-22,nongaap,Non-GAAP,2.65,2.68,2.64,0.8240341853480426,0.027906771199618905,2.68,2.63
cof-quarterly-earnings-nongaap-eps-01-22-2026-4pt17,COF,2026-01-22,nongaap,Non-GAAP,4.17,19.61,4.11,0.8966689948554947,1.000504039638688,5.68,4.55
coin-quarterly-earnings-gaap-eps-02-12-2026-0pt61,COIN,2026-02-12,gaap,GAAP,0.61,4.45,1.11,0.20351316510768808,1.7399494942164966,-1.0,-2.66
coin-quarterly-earnings-gaap-eps-11-03-2025-1pt18,COIN,2025-11-03,gaap,GAAP,1.18,1.5,1.16,0.9989999999999997,1.754935032899215,13.77,3.08
cop-quarterly-earnings-nongaap-eps-02-05-2026-1pt11,COP,2026-02-05,nongaap,Non-GAAP,1.11,6.16,1.18,0.585532824251838,0.15149757473806352,1.14,1.09
cop-quarterly-earnings-nongaap-eps-11-06-2025-1pt41,COP,2025-11-06,nongaap,Non-GAAP,1.41,1.61,1.43,0.8710946464056727,0.1500807863260398,1.61,1.53
cost-quarterly-earnings-gaap-eps-12-11-2025-4pt28,COST,2025-12-11,gaap,GAAP,4.28,4.5,4.26,0.9324681328259536,0.18608201189667728,4.63,4.43
cour-quarterly-earnings-nongaap-eps-10-23-2025-0pt08,COUR,2025-10-23,nongaap,Non-GAAP,0.08,0.1,0.08,0.740436425686833,0.030550504633038933,0.1,0.07
cpb-quarterly-earnings-nongaap-eps-12-09-2025-0pt73,CPB,2025-12-09,nongaap,Non-GAAP,0.73,0.77,0.73,0.9386914968338507,0.04273774855458757,0.81,0.72
crm-quarterly-earnings-nongaap-eps-12-03-2025-2pt86,CRM,2025-12-03,nongaap,Non-GAAP,2.86,3.25,2.86,0.9380449013767018,0.09807232952358078,3.05,2.85
csco-quarterly-earnings-nongaap-eps-02-11-2026-1pt02,CSCO,2026-02-11,nongaap,Non-GAAP,1.02,1.04,1.02,0.9142485895338035,0.022896340848319485,1.06,1.0
csco-quarterly-earnings-nongaap-eps-11-12-2025-0pt98,CSCO,2025-11-12,nongaap,Non-GAAP,0.98,1.0,0.98,0.9597180175607924,0.022896340848319485,1.03,0.97
csgp-quarterly-earnings-gaap-eps-10-28-2025-0pt01,CSGP,2025-10-28,gaap,GAAP,0.01,-0.07,0.01,0.7187192628710746,0.022563042992710648,0.02,0.01
ctas-quarterly-earnings-gaap-eps-12-18-2025-1pt2,CTAS,2025-12-18,gaap,GAAP,1.2,1.21,1.2,0.9693229119786141,0.025086969936723328,1.26,1.2
cvna-quarterly-earnings-gaap-eps-10-29-2025-1pt27,CVNA,2025-10-29,gaap,GAAP,1.27,1.03,1.23,0.8863810447060926,2.16053654952148,4.35,1.43
cvs-quarterly-earnings-nongaap-eps-02-10-2026-0pt99,CVS,2026-02-10,nongaap,Non-GAAP,0.99,6.75,0.99,0.8651885807772609,0.3151911397001104,1.39,1.16
cvs-quarterly-earnings-nongaap-eps-10-29-2025-1pt36,CVS,2025-10-29,nongaap,Non-GAAP,1.36,1.6,1.36,0.8852351607667018,0.31129738290910924,1.8,1.64
cvx-quarterly-earnings-nongaap-eps-01-30-2026-1pt48,CVX,2026-01-30,nongaap,Non-GAAP,1.48,,1.5,0.54800264030197,0.22777414384881484,1.51,1.48
cvx-quarterly-earnings-nongaap-eps-10-31-2025-1pt7,CVX,2025-10-31,nongaap,Non-GAAP,1.7,1.85,1.81,0.5240567364187039,0.3242649029308094,1.72,1.74
cxm-quarterly-earnings-nongaap-eps-12-03-2025-0pt09,CXM,2025-12-03,nongaap,Non-GAAP,0.09,0.12,0.09,0.9494730084473023,0.018829377433825435,0.13,0.1
dash-quarterly-earnings-gaap-eps-11-05-2025-0pt68,DASH,2025-11-05,gaap,GAAP,0.68,0.55,0.69,0.42599617335788986,0.3261158002175226,0.62,0.66
dbx-quarterly-earnings-nongaap-eps-11-06-2025-0pt65,DBX,2025-11-06,nongaap,Non-GAAP,0.65,0.74,0.65,0.9246574546825759,0.027743413086658408,0.7,0.63
ddog-quarterly-earnings-nongaap-eps-02-10-2026-0pt55,DDOG,2026-02-10,nongaap,Non-GAAP,0.55,2.05,0.55,0.8972576098551494,0.03040135563165603,0.6,0.52
ddog-quarterly-earnings-nongaap-eps-11-06-2025-0pt46,DDOG,2025-11-06,nongaap,Non-GAAP,0.46,0.55,0.46,0.9516511955047862,0.02923260943784277,0.52,0.44
de-quarterly-earnings-gaap-eps-11-26-2025-3pt87,DE,2025-11-26,gaap,GAAP,3.87,18.5,3.88,0.7567116574538152,0.5387668298714176,4.28,3.57
dell-quarterly-earnings-nongaap-eps-11-25-2025-2pt47,DELL,2025-11-25,nongaap,Non-GAAP,2.47,2.59,2.47,0.9990000000000002,0.2528908615960408,4.28,2.6
dg-quarterly-earnings-gaap-eps-12-04-2025-0pt92,DG,2025-12-04,gaap,GAAP,0.92,1.28,0.95,0.9051869517545995,0.2627866400367762,1.33,1.26
dis-quarterly-earnings-nongaap-eps-02-02-2026-1pt57,DIS,2026-02-02,nongaap,Non-GAAP,1.57,1.63,1.57,0.9025443392055011,0.10181310863984604,1.73,1.55
dkng-quarterly-earnings-nongaap-eps-02-12-2026-0pt4,DKNG,2026-02-12,nongaap,Non-GAAP,0.4,0.01,0.1,0.5384057421394459,0.20079199247585605,0.42,0.44
dkng-quarterly-earnings-nongaap-eps-11-06-2025-neg0pt25,DKNG,2025-11-06,nongaap,Non-GAAP,-0.25,-0.52,-0.31,0.5724494121809374,0.18658818696571206,-0.21,-0.22
dltr-quarterly-earnings-nongaap-eps-12-03-2025-1pt08,DLTR,2025-12-03,nongaap,Non-GAAP,1.08,1.21,1.08,0.8372599646624397,0.13591441157113282,1.23,1.16
docu-quarterly-earnings-nongaap-eps-12-04-2025-0pt91,DOCU,2025-12-04,nongaap,Non-GAAP,0.91,1.01,0.92,0.9746267608627162,0.06596601512532917,1.09,0.98
dow-quarterly-earnings-nongaap-eps-10-23-2025-neg0pt3,DOW,2025-10-23,nongaap,Non-GAAP,-0.3,-0.19,-0.3,0.33890217977206205,0.1432036058459169,-0.36,-0.34
dy-quarterly-earnings-gaap-eps-11-19-2025-3pt2,DY,2025-11-19,gaap,GAAP,3.2,3.63,3.2,0.9437737678449418,0.3808192301612486,3.97,3.31
ea-quarterly-earnings-gaap-eps-10-28-2025-0pt35,EA,2025-10-28,gaap,GAAP,0.35,0.54,0.39,0.8282932829288632,0.2260664959830638,0.59,0.29
eb-quarterly-earnings-gaap-eps-11-06-2025-neg0pt04,EB,2025-11-06,gaap,GAAP,-0.04,0.06,-0.04,0.6212121212121212,0.06648649897125389,-0.02,-0.06
ebay-quarterly-earnings-nongaap-eps-10-29-2025-1pt33,EBAY,2025-10-29,nongaap,Non-GAAP,1.33,1.36,1.33,0.8571554202890858,0.019598237397554622,1.35,1.31
efx-quarterly-earnings-nongaap-eps-02-04-2026-2pt05,EFX,2026-02-04,nongaap,Non-GAAP,2.05,7.65,2.05,0.7986848293693414,0.03950450683917043,2.09,2.02
efx-quarterly-earnings-nongaap-eps-2025-10-21-1pt94,EFX,2025-10-21,nongaap,Non-GAAP,1.94,2.04,1.94,0.6436793557288368,0.039080336836735806,1.96,1.9
el-quarterly-earnings-nongaap-eps-02-05-2026-0pt83,EL,2026-02-05,nongaap,Non-GAAP,0.83,0.89,0.83,0.7654215653201055,0.1622568110350771,0.96,0.77
etor-quarterly-earnings-gaap-eps-11-10-2025-0pt55,ETOR,2025-11-10,gaap,GAAP,0.55,0.53,0.55,0.7712381359744099,,,
etsy-quarterly-earnings-gaap-eps-10-29-2025-0pt52,ETSY,2025-10-29,gaap,GAAP,0.52,0.63,0.53,0.303207988673044,2.291970172739443,-0.76,0.49
evr-quarterly-earnings-nongaap-eps-10-29-2025-2pt93,EVR,2025-10-29,nongaap,Non-GAAP,2.93,3.48,3.09,0.949479698469501,0.5613592810529121,4.12,3.05
expe-quarterly-earnings-nongaap-eps-02-12-2026-3pt29,EXPE,2026-02-12,nongaap,Non-GAAP,3.29,15.86,3.26,0.8308700151710644,0.31928423738484835,3.64,3.2
expe-quarterly-earnings-nongaap-eps-11-06-2025-7pt03,EXPE,2025-11-06,nongaap,Non-GAAP,7.03,7.57,6.9,0.7182075178895867,0.29167619032070474,7.21,6.93
f-quarterly-earnings-nongaap-eps-02-04-2026-0pt18,F,2026-02-04,nongaap,Non-GAAP,0.18,1.09,0.14,0.7753928734448428,0.12823687835290193,0.29,0.18
f-quarterly-earnings-nongaap-eps-10-24-2025-0pt35,F,2025-10-24,nongaap,Non-GAAP,0.35,0.45,0.36,0.9536004418267515,0.12773967372130024,0.63,0.51
fast-quarterly-earnings-gaap-eps-2025-10-13-0pt30,FAST,2025-10-13,gaap,GAAP,0.3,0.29,0.3,0.8697360923556475,0.007195389938261602,0.31,0.31
fcn-quarterly-earnings-gaap-eps-10-23-2025-1pt87,FCN,2025-10-23,gaap,GAAP,1.87,2.6,1.87,0.7227436603130436,0.34305666993643885,2.09,1.88
fdx-quarterly-earnings-nongaap-eps-12-18-2025-4pt03,FDX,2025-12-18,nongaap,Non-GAAP,4.03,4.82,4.02,0.8850814903199778,0.5498670638243283,4.81,4.21
femy-quarterly-earnings-gaap-eps-11-11-2025-neg0pt12,FEMY,2025-11-11,gaap,GAAP,-0.12,-0.1,-0.12,0.9990000000000001,0.024802248187442907,0.06,-0.08
fig-quarterly-earnings-gaap-eps-11-05-2025-neg2pt08,FIG,2025-11-05,gaap,GAAP,-2.08,-2.72,-1.02,0.8441968722758343,,,
five-quarterly-earnings-nongaap-eps-12-03-2025-0pt24,FIVE,2025-12-03,nongaap,Non-GAAP,0.24,0.68,0.24,0.8727040308129955,0.1073510243278676,0.38,0.26
foxa-quarterly-earnings-nongaap-eps-02-03-2026-0pt51,FOXA,2026-02-03,nongaap,Non-GAAP,0.51,0.82,0.49,0.9639232186561919,0.13255930633859583,0.83,0.45
foxa-quarterly-earnings-nongaap-eps-10-30-2025-1pt1,FOXA,2025-10-30,nongaap,Non-GAAP,1.1,1.51,1.08,0.8299999469548882,0.1130433009018574,1.22,1.04
fro-quarterly-earnings-nongaap-eps-11-28-2025-0pt23,FRO,2025-11-28,nongaap,Non-GAAP,0.23,0.19,0.31,0.2784028952142735,0.07890827048868293,0.18,0.28
fsk-quarterly-earnings-gaap-eps-11-05-2025-0pt58,FSK,2025-11-05,gaap,GAAP,0.58,0.76,0.58,0.990791465607936,0.4638932912662331,2.36,1.88
ftdr-quarterly-earnings-nongaap-eps-11-05-2025-1pt51,FTDR,2025-11-05,nongaap,Non-GAAP,1.51,1.58,1.51,0.8692926477790023,0.08207073815073222,1.62,1.35
gap-quarterly-earnings-gaap-eps-11-20-2025-0pt58,GAP,2025-11-20,gaap,GAAP,0.58,0.62,0.58,0.9169305009335765,0.22132349832110218,0.95,0.57
gis-quarterly-earnings-nongaap-eps-12-17-2025-1pt02,GIS,2025-12-17,nongaap,Non-GAAP,1.02,1.1,1.02,0.9772793478375376,0.05224505196231938,1.17,1.02
gm-quarterly-earnings-nongaap-eps-10-21-2025-2pt31,GM,2025-10-21,nongaap,Non-GAAP,2.31,2.8,2.32,0.8497932039638688,0.18874987457350847,2.53,2.22
gme-quarterly-earnings-nongaap-eps-12-09-2025-0pt2,GME,2025-12-09,nongaap,Non-GAAP,0.2,0.24,0.2,0.9081679885023322,0.10512618680193414,0.37,0.23
googl-quarterly-earnings-gaap-eps-02-04-2026-2pt64,GOOGL,2026-02-04,gaap,GAAP,2.64,10.81,2.63,0.976319106196943,0.26245201581634053,3.38,2.61
googl-quarterly-earnings-gaap-eps-10-29-2025-2pt29,GOOGL,2025-10-29,gaap,GAAP,2.29,2.87,2.3,0.8068584853149806,0.2594341161182558,2.54,2.25
gpro-quarterly-earnings-nongaap-eps-11-06-2025-neg0pt04,GPRO,2025-11-06,nongaap,Non-GAAP,-0.04,-0.09,-0.04,0.39839204026865893,0.024293034292807374,-0.05,-0.06
grab-quarterly-earnings-gaap-eps-02-11-2026-0pt01,GRAB,2026-02-11,gaap,GAAP,0.01,0.06,0.02,0.02991314383150677,0.01676486224400925,-0.03,-0.02
grab-quarterly-earnings-gaap-eps-11-03-2025-0pt01,GRAB,2025-11-03,gaap,GAAP,0.01,0.01,0.01,0.04472257315465301,0.05884623002265131,-0.12,-0.02
grmn-quarterly-earnings-nongaap-eps-02-18-2026-2pt39,GRMN,2026-02-18,nongaap,Non-GAAP,2.39,8.56,2.39,0.8275143300482306,0.1964900336743147,2.6,2.37
grmn-quarterly-earnings-nongaap-eps-10-29-2025-1pt98,GRMN,2025-10-29,nongaap,Non-GAAP,1.98,1.99,1.96,0.9064418279142374,0.19133304297306652,2.28,2.02
gs-quarterly-earnings-gaap-eps-01-15-2026-11pt49,GS,2026-01-15,gaap,GAAP,11.49,51.32,11.48,0.8940185540782444,2.5263802108346574,15.24,12.9
gs-quarterly-earnings-gaap-eps-2025-10-14-10pt47,GS,2025-10-14,gaap,GAAP,10.47,12.25,10.24,0.9479125287438026,2.5703593664558406,15.86,14.7
h-quarterly-earnings-nongaap-eps-02-12-2026-0pt39,H,2026-02-12,nongaap,Non-GAAP,0.39,2.19,0.45,0.22005909112543717,0.7424789559307388,-0.25,0.19
h-quarterly-earnings-nongaap-eps-11-06-2025-0pt49,H,2025-11-06,nongaap,Non-GAAP,0.49,-0.3,0.54,0.7906976398485502,0.6849612906558806,1.11,0.78
hal-quarterly-earnings-gaap-eps-10-21-2025-0pt49,HAL,2025-10-21,gaap,GAAP,0.49,0.02,0.49,0.4347147335241485,0.11306675421666133,0.47,0.49
hal-quarterly-earnings-nongaap-eps-01-21-2026-0pt54,HAL,2026-01-21,nongaap,Non-GAAP,0.54,2.42,0.54,0.9222457437955862,0.02968266507678522,0.59,0.54
has-quarterly-earnings-nongaap-eps-10-23-2025-1pt63,HAS,2025-10-23,nongaap,Non-GAAP,1.63,1.68,1.63,0.788351531531845,0.283446323281531,1.88,1.73
hd-quarterly-earnings-nongaap-eps-11-18-2025-3pt85,HD,2025-11-18,nongaap,Non-GAAP,3.85,3.74,3.86,0.2655848191872279,0.07414155175722784,3.8,3.8
hele-quarterly-earnings-nongaap-eps-2025-10-09-0pt52,HELE,2025-10-09,nongaap,Non-GAAP,0.52,0.59,0.53,0.998837859222882,0.2801947374757259,2.45,1.13
hesm-quarterly-earnings-gaap-eps-11-03-2025-0pt69,HESM,2025-11-03,gaap,GAAP,0.69,0.75,0.6,0.7291614251037247,0.06562058065927646,0.73,0.73
hnge-quarterly-earnings-gaap-eps-11-04-2025-neg0pt21,HNGE,2025-11-04,gaap,GAAP,-0.21,-0.02,-0.15,0.7855654226251267,,,
hpq-quarterly-earnings-nongaap-eps-11-25-2025-0pt92,HPQ,2025-11-25,nongaap,Non-GAAP,0.92,3.12,0.92,0.9443075570613564,0.031430539096216424,0.98,0.97
hubs-quarterly-earnings-nongaap-eps-02-11-2026-2pt99,HUBS,2026-02-11,nongaap,Non-GAAP,2.99,9.7,2.99,0.8516053191974784,0.12101527577003238,3.14,2.91
hubs-quarterly-earnings-nongaap-eps-11-05-2025-2pt59,HUBS,2025-11-05,nongaap,Non-GAAP,2.59,2.66,2.58,0.868366012709072,0.11378808053890042,2.74,2.52
hum-quarterly-earnings-nongaap-eps-02-11-2026-neg3pt99,HUM,2026-02-11,nongaap,Non-GAAP,-3.99,17.14,-4.01,0.46434234737778,0.8552547024486952,-4.07,-4.4
hum-quarterly-earnings-nongaap-eps-11-05-2025-2pt92,HUM,2025-11-05,nongaap,Non-GAAP,2.92,3.24,2.82,0.8442411342786751,0.857913254073599,3.91,2.86
icui-quarterly-earnings-nongaap-eps-11-06-2025-1pt43,ICUI,2025-11-06,nongaap,Non-GAAP,1.43,2.03,1.43,0.9033964231568695,0.18421619380664137,1.72,1.29
ihrt-quarterly-earnings-gaap-eps-11-10-2025-neg0pt01,IHRT,2025-11-10,gaap,GAAP,-0.01,-0.43,0.0,0.0010000000000000009,2.2907305847136246,-16.44,-0.46
imax-quarterly-earnings-nongaap-eps-10-23-2025-0pt39,IMAX,2025-10-23,nongaap,Non-GAAP,0.39,0.47,0.35,0.837890669437973,0.08488851869399422,0.49,0.41
intc-quarterly-earnings-nongaap-eps-10-23-2025-0,INTC,2025-10-23,nongaap,Non-GAAP,0.0,0.23,0.01,0.5591300909480704,0.10977939310961392,0.02,-0.09
intu-quarterly-earnings-nongaap-eps-11-20-2025-3pt09,INTU,2025-11-20,nongaap,Non-GAAP,3.09,3.34,3.09,0.924352347418469,0.24297867470960574,3.52,2.95
iot-quarterly-earnings-nongaap-eps-12-04-2025-0pt12,IOT,2025-12-04,nongaap,Non-GAAP,0.12,0.15,0.12,0.9179432019069722,0.011547005383792512,0.14,0.1
ivz-quarterly-earnings-nongaap-eps-10-28-2025-0pt44,IVZ,2025-10-28,nongaap,Non-GAAP,0.44,0.61,0.46,0.6741337450093897,0.05429297627435129,0.47,0.44
jef-quarterly-earnings-gaap-eps-2025-09-29-0pt8,JEF,2025-09-29,gaap,GAAP,0.8,1.01,0.86,0.5879434731690318,0.16985020138077822,0.84,0.9
jnj-quarterly-earnings-nongaap-eps-01-21-2026-2pt51,JNJ,2026-01-21,nongaap,Non-GAAP,2.51,10.79,2.44,0.5369153336671552,0.06542981435141476,2.52,2.42
jnj-quarterly-earnings-nongaap-eps-2025-10-14-2pt75,JNJ,2025-10-14,nongaap,Non-GAAP,2.75,2.8,2.75,0.9446034471836963,0.06526867548832281,2.88,2.72
jpm-quarterly-earnings-gaap-eps-01-13-2026-4pt94,JPM,2026-01-13,gaap,GAAP,4.94,20.02,4.93,0.4551949607413577,0.4466440518924538,4.89,4.37
jpm-quarterly-earnings-gaap-eps-2025-10-14-4pt72,JPM,2025-10-14,gaap,GAAP,4.72,5.07,4.7,0.9500102357649594,0.46581697537279,5.71,4.87
kbh-quarterly-earnings-gaap-eps-12-18-2025-1pt79,KBH,2025-12-18,gaap,GAAP,1.79,6.15,1.78,0.5,0.27822353123582716,1.79,1.64
key-quarterly-earnings-gaap-eps-01-20-2026-0pt39,KEY,2026-01-20,gaap,GAAP,0.39,1.52,0.38,0.7970290506014169,0.24324043473672113,0.62,0.55
key-quarterly-earnings-gaap-eps-2025-10-16-0pt38,KEY,2025-10-16,gaap,GAAP,0.38,0.41,0.38,0.6999733162999031,0.24788927146831286,0.52,0.54
kfy-quarterly-earnings-nongaap-eps-12-04-2025-1pt31,KFY,2025-12-04,nongaap,Non-GAAP,1.31,1.33,1.31,0.9690430904575302,0.038876260575878924,1.41,1.31
khc-quarterly-earnings-nongaap-eps-02-11-2026-0pt61,KHC,2026-02-11,nongaap,Non-GAAP,0.61,2.6,0.61,0.7847556796116313,0.02587850400809462,0.63,0.6
khc-quarterly-earnings-nongaap-eps-10-29-2025-0pt58,KHC,2025-10-29,nongaap,Non-GAAP,0.58,0.61,0.58,0.8810022450288647,0.02724746304565329,0.62,0.57
kkr-quarterly-earnings-nongaap-eps-02-05-2026-1pt14,KKR,2026-02-05,nongaap,Non-GAAP,1.14,5.05,1.23,0.8137633904625265,0.05262791055796313,1.19,1.13
kkr-quarterly-earnings-nongaap-eps-11-07-2025-1pt29,KKR,2025-11-07,nongaap,Non-GAAP,1.29,1.41,1.28,0.9259994307343762,0.04764133677487407,1.38,1.28
kmi-quarterly-earnings-gaap-eps-01-21-2026-0pt36,KMI,2026-01-21,gaap,GAAP,0.36,1.37,0.37,0.6002092651451727,0.025524794837866013,0.37,0.38
kmi-quarterly-earnings-nongaap-eps-2025-10-15-0pt3,KMI,2025-10-15,nongaap,Non-GAAP,0.3,0.29,0.29,0.0010000000000000007,0.010269106361049411,0.23,0.29
kmx-quarterly-earnings-gaap-eps-12-18-2025-0pt33,KMX,2025-12-18,gaap,GAAP,0.33,0.43,0.44,0.8085058255793293,0.31151025081630357,0.63,0.41
ko-quarterly-earnings-nongaap-eps-02-10-2026-0pt56,KO,2026-02-10,nongaap,Non-GAAP,0.56,3.0,0.56,0.8824608587798825,0.01880924981991252,0.59,0.55
ko-quarterly-earnings-nongaap-eps-10-21-2025-0pt78,KO,2025-10-21,nongaap,Non-GAAP,0.78,0.82,0.78,0.7296599186688708,0.019540168418367896,0.79,0.76
kr-quarterly-earnings-nongaap-eps-12-04-2025-1pt03,KR,2025-12-04,nongaap,Non-GAAP,1.03,1.05,1.03,0.9521854580610182,0.054494926091306656,1.15,1.02
kss-quarterly-earnings-gaap-eps-11-25-2025-neg0pt21,KSS,2025-11-25,gaap,GAAP,-0.21,0.0696,-0.12,0.6812329691232474,0.5304971938919872,0.06,-0.37
len-quarterly-earnings-gaap-eps-12-16-2025-2pt22,LEN,2025-12-16,gaap,GAAP,2.22,7.98,2.22,0.8213245452327171,0.3437229328186506,2.58,2.36
lh-quarterly-earnings-nongaap-eps-02-17-2026-3pt94,LH,2026-02-17,nongaap,Non-GAAP,3.94,16.44,3.93,0.8558427230228672,0.11858700935548888,4.09,3.92
lh-quarterly-earnings-nongaap-eps-10-28-2025-4pt14,LH,2025-10-28,nongaap,Non-GAAP,4.14,4.18,4.13,0.8399999972903212,0.12018609307942824,4.28,4.13
lulu-quarterly-earnings-gaap-eps-12-11-2025-2pt21,LULU,2025-12-11,gaap,GAAP,2.21,2.59,2.25,0.9475532874627187,0.6735590680718491,3.62,2.34
lyft-quarterly-earnings-gaap-eps-02-10-2026-0pt12,LYFT,2026-02-10,gaap,GAAP,0.12,6.81,0.12,0.8020869035107853,0.3587167088343804,0.46,0.09
lyft-quarterly-earnings-gaap-eps-11-05-2025-0pt07,LYFT,2025-11-05,gaap,GAAP,0.07,0.11,0.07,0.7841939792361993,0.40570396534912,0.42,0.05
lzb-quarterly-earnings-nongaap-eps-02-17-2026-0pt59,LZB,2026-02-17,nongaap,Non-GAAP,0.59,0.61,0.65,0.7633775856757332,0.1232759899452026,0.69,0.61
lzb-quarterly-earnings-nongaap-eps-11-18-2025-0pt54,LZB,2025-11-18,nongaap,Non-GAAP,0.54,0.71,0.61,0.5200000051078124,0.12792042981336627,0.55,0.47
m-quarterly-earnings-nongaap-eps-12-03-2025-neg0pt15,M,2025-12-03,nongaap,Non-GAAP,-0.15,0.09,-0.16,0.9406143485606092,0.1301834370138048,0.11,-0.19
ma-quarterly-earnings-nongaap-eps-01-29-2026-4pt24,MA,2026-01-29,nongaap,Non-GAAP,4.24,17.01,4.25,0.9403808727989589,0.0418782506653261,4.32,4.18
ma-quarterly-earnings-nongaap-eps-10-30-2025-4pt31,MA,2025-10-30,nongaap,Non-GAAP,4.31,4.38,4.32,0.9399999932215245,0.039418116124288353,4.39,4.25
mat-quarterly-earnings-nongaap-eps-10-21-2025-1pt07,MAT,2025-10-21,nongaap,Non-GAAP,1.07,0.89,1.07,0.27924387228598113,0.09771247245222725,1.01,0.95
mcd-quarterly-earnings-nongaap-eps-02-11-2026-3pt04,MCD,2026-02-11,nongaap,Non-GAAP,3.04,12.2,3.04,0.581447646082252,0.1580252185474511,3.07,3.02
mcd-quarterly-earnings-nongaap-eps-11-05-2025-3pt33,MCD,2025-11-05,nongaap,Non-GAAP,3.33,3.22,3.35,0.782833782820974,0.1436430761761016,3.45,3.36
mco-quarterly-earnings-nongaap-eps-02-18-2026-3pt44,MCO,2026-02-18,nongaap,Non-GAAP,3.44,14.94,3.4,0.8153292814501781,0.2060597147930815,3.65,3.32
mco-quarterly-earnings-nongaap-eps-10-22-2025-3pt52,MCO,2025-10-22,nongaap,Non-GAAP,3.52,3.92,3.66,0.8032749815988609,0.24574407727380032,3.75,3.39
mdb-quarterly-earnings-nongaap-eps-12-01-2025-0pt79,MDB,2025-12-01,nongaap,Non-GAAP,0.79,1.32,0.8,0.9404271155058387,0.13507293203931336,1.06,0.61
met-quarterly-earnings-nongaap-eps-02-04-2026-2pt35,MET,2026-02-04,nongaap,Non-GAAP,2.35,8.89,2.35,0.6050490379719528,0.1469590749051235,2.39,2.38
met-quarterly-earnings-nongaap-eps-11-05-2025-2pt32,MET,2025-11-05,nongaap,Non-GAAP,2.32,2.37,2.32,0.279999843199931,0.14568542282686495,2.23,2.3
meta-quarterly-earnings-gaap-eps-01-28-2026-8pt19,META,2026-01-28,gaap,GAAP,8.19,23.49,8.13,0.901961349626666,1.8530783152431098,11.06,8.09
meta-quarterly-earnings-gaap-eps-10-29-2025-6pt72,META,2025-10-29,gaap,GAAP,6.72,1.05,6.61,0.9158507899898005,0.5818934610390462,7.7,7.58
mgm-quarterly-earnings-nongaap-eps-02-11-2026-0pt56,MGM,2026-02-11,nongaap,Non-GAAP,0.56,2.32,0.56,0.9984132904343291,0.21431179494966066,1.92,0.72
mmm-quarterly-earnings-nongaap-eps-01-20-2026-1pt81,MMM,2026-01-20,nongaap,Non-GAAP,1.81,8.06,1.8,0.8856749820611468,0.1585994573722996,2.04,1.77
mmm-quarterly-earnings-nongaap-eps-10-21-2025-2pt07,MMM,2025-10-21,nongaap,Non-GAAP,2.07,2.19,2.07,0.8154140346563866,0.15996211672730137,2.23,1.99
moga-quarterly-earnings-nongaap-eps-01-23-2026-2pt19,MOG.A,2026-01-23,nongaap,Non-GAAP,2.19,2.63,2.21,0.4911158900682614,0.1894069692487581,2.19,2.0
mrna-quarterly-earnings-gaap-eps-02-13-2026-neg2pt6,MRNA,2026-02-13,gaap,GAAP,-2.6,-7.26,-2.67,0.7737402467918744,2.586325344553308,-0.45,-2.85
mrna-quarterly-earnings-gaap-eps-11-06-2025-neg2pt18,MRNA,2025-11-06,gaap,GAAP,-2.18,-0.51,-1.97,0.6536023430926957,2.591066236595321,-1.08,-2.57
mrx-quarterly-earnings-nongaap-eps-11-06-2025-0pt94,MRX,2025-11-06,nongaap,Non-GAAP,0.94,0.96,0.93,0.9444253341575447,0.12259690045021529,1.19,0.92
ms-quarterly-earnings-gaap-eps-01-15-2026-2pt42,MS,2026-01-15,gaap,GAAP,2.42,10.21,-0.01,0.8210574464534676,0.11513825681248689,2.54,2.44
ms-quarterly-earnings-gaap-eps-2025-10-15-2pt06,MS,2025-10-15,gaap,GAAP,2.06,2.8,2.03,0.8934078590810529,0.11513825681248689,2.23,2.13
msci-quarterly-earnings-nongaap-eps-10-28-2025-4pt37,MSCI,2025-10-28,nongaap,Non-GAAP,4.37,4.47,4.38,0.8559314279584742,0.09394953513198002,4.48,4.29
msft-quarterly-earnings-gaap-eps-01-28-2026-3pt85,MSFT,2026-01-28,gaap,GAAP,3.85,5.16,3.7,0.9288018622326434,0.1163165742899327,4.06,3.8
msft-quarterly-earnings-gaap-eps-10-29-2025-3pt66,MSFT,2025-10-29,gaap,GAAP,3.66,3.72,3.66,0.9359857529648816,0.1170728858705575,3.88,3.66
mstr-quarterly-earnings-gaap-eps-10-30-2025-9pt67,MSTR,2025-10-30,gaap,GAAP,9.67,8.42,10.57,0.0010000000000000009,9.581843487128047,-59.06,-16.81
mtb-quarterly-earnings-gaap-eps-01-16-2026-4pt5,MTB,2026-01-16,gaap,GAAP,4.5,17.0,4.5,0.7194909545233112,0.33977153643249297,4.72,4.54
mtn-quarterly-earnings-gaap-eps-12-10-2025-neg5pt24,MTN,2025-12-10,gaap,GAAP,-5.24,-5.2,-5.22,0.828082569389922,0.4433028583738483,-4.76,-4.67
ndaq-quarterly-earnings-nongaap-eps-10-21-2025-0pt83,NDAQ,2025-10-21,nongaap,Non-GAAP,0.83,0.88,0.85,0.9154604987762535,0.024196167991120923,0.87,0.84
neog-quarterly-earnings-nongaap-eps-2025-10-09-0pt04,NEOG,2025-10-09,nongaap,Non-GAAP,0.04,0.04,0.04,0.018839552601580885,0.07955558377066257,-0.2,-0.13
net-quarterly-earnings-nongaap-eps-02-11-2026-0pt27,NET,2026-02-11,nongaap,Non-GAAP,0.27,0.93,0.27,0.9004433867861891,0.01850470865548124,0.3,0.26
nflx-quarterly-earnings-gaap-eps-01-20-2026-0pt55,NFLX,2026-01-20,gaap,GAAP,0.55,2.53,0.55,0.9771483980061341,0.1939996600668687,1.11,1.03
nflx-quarterly-earnings-nongaap-eps-10-21-2025-6pt95,NFLX,2025-10-21,nongaap,Non-GAAP,6.95,0.587,6.97,0.04456700915936423,0.035805789272889195,6.87,6.87
nke-quarterly-earnings-gaap-eps-12-18-2025-0pt37,NKE,2025-12-18,gaap,GAAP,0.37,0.53,0.37,0.8981437504695954,0.08726483550177307,0.5,0.34
nke-quarterly-earnings-gaap-eps-2025-09-30-0pt27,NKE,2025-09-30,gaap,GAAP,0.27,0.49,0.27,0.8146905256969097,0.08869764781138632,0.36,0.22
nmax-quarterly-earnings-gaap-eps-11-13-2025-neg0pt07,NMAX,2025-11-13,gaap,GAAP,-0.07,-0.03,-0.07,0.29557520041404867,,,
nvda-quarterly-earnings-nongaap-eps-11-19-2025-1pt25,NVDA,2025-11-19,nongaap,Non-GAAP,1.25,1.3,1.24,0.9482364280349463,0.15843631356019827,1.58,1.46
nwsa-quarterly-earnings-nongaap-eps-02-05-2026-0pt37,NWSA,2026-02-05,nongaap,Non-GAAP,0.37,0.4,0.34,0.7061962803295614,0.04295875400258422,0.4,0.34
nwsa-quarterly-earnings-nongaap-eps-11-06-2025-0pt19,NWSA,2025-11-06,nongaap,Non-GAAP,0.19,0.22,0.19,0.9749053655544675,0.04572645941803379,0.32,0.26
oklo-quarterly-earnings-gaap-eps-11-11-2025-neg0pt12,OKLO,2025-11-11,gaap,GAAP,-0.12,-0.2,-0.12,0.2708206942305663,,,-0.12
okta-quarterly-earnings-nongaap-eps-12-02-2025-0pt76,OKTA,2025-12-02,nongaap,Non-GAAP,0.76,0.82,0.76,0.9531102746173165,0.08384017081581026,0.94,0.8
omc-quarterly-earnings-nongaap-eps-2025-10-21-2pt17,OMC,2025-10-21,nongaap,Non-GAAP,2.17,2.24,2.16,0.75,0.05337687616459875,2.21,2.14
on-quarterly-earnings-nongaap-eps-02-10-2026-0pt62,ON,2026-02-10,nongaap,Non-GAAP,0.62,2.35,0.62,0.7828732036141939,0.03776923551668939,0.65,0.6
orcl-quarterly-earnings-nongaap-eps-12-08-2025-1pt64,ORCL,2025-12-08,nongaap,Non-GAAP,1.64,2.26,1.64,0.7616466256268327,0.03654594451654053,1.67,1.65
os-quarterly-earnings-gaap-eps-11-06-2025-neg0pt14,OS,2025-11-06,gaap,GAAP,-0.14,-0.05,-0.14,0.7099999777533296,0.040824829046386284,-0.12,-0.21
otis-quarterly-earnings-nongaap-eps-10-29-2025-1,OTIS,2025-10-29,nongaap,Non-GAAP,1.0,1.05,1.0,0.7629379306592404,0.027010099121355588,1.02,0.99
otly-quarterly-earnings-gaap-eps-10-29-2025-neg0pt87,OTLY,2025-10-29,gaap,GAAP,-0.87,-2.15,-0.69,0.537724401061601,16.90466127218386,0.83,-0.49
payx-quarterly-earnings-nongaap-eps-12-18-2025-1pt23,PAYX,2025-12-18,nongaap,Non-GAAP,1.23,1.26,1.23,0.611,0.014974726182552548,1.23,1.22
pcg-quarterly-earnings-nongaap-eps-10-23-2025-0pt41,PCG,2025-10-23,nongaap,Non-GAAP,0.41,0.5,0.41,0.76542055287885,0.0492596706395318,0.45,0.44
pd-quarterly-earnings-nongaap-eps-11-25-2025-0pt25,PD,2025-11-25,nongaap,Non-GAAP,0.25,0.33,0.25,0.9476524973722252,0.027784342658585547,0.31,0.22
pep-quarterly-earnings-nongaap-eps-02-03-2026-2pt24,PEP,2026-02-03,nongaap,Non-GAAP,2.24,8.14,2.24,0.8650753096974814,0.04795831523312716,2.3,2.23
pep-quarterly-earnings-nongaap-eps-2025-10-09-2pt26,PEP,2025-10-09,nongaap,Non-GAAP,2.26,2.29,2.26,0.9125490103537055,0.048952667305915354,2.34,2.25
pfe-quarterly-earnings-gaap-eps-11-04-2025-0pt64,PFE,2025-11-04,gaap,GAAP,0.64,0.62,0.53,0.2659346200476559,0.20108041509140898,0.5,0.54
pfe-quarterly-earnings-nongaap-eps-02-03-2026-0pt57,PFE,2026-02-03,nongaap,Non-GAAP,0.57,3.22,0.56,0.9144776251205784,0.10422513510607118,0.74,0.47
pg-quarterly-earnings-nongaap-eps-01-22-2026-1pt87,PG,2026-01-22,nongaap,Non-GAAP,1.87,1.88,1.86,0.9466527419332138,0.04472135954999586,1.96,1.85
phm-quarterly-earnings-gaap-eps-10-21-2025-3pt03,PHM,2025-10-21,gaap,GAAP,3.03,2.96,2.9,0.395893913602529,0.4051225029842732,2.92,2.47
pins-quarterly-earnings-nongaap-eps-02-12-2026-0pt68,PINS,2026-02-12,nongaap,Non-GAAP,0.68,1.6,0.7,0.3092129250543688,0.05501377238033355,0.65,0.62
pins-quarterly-earnings-nongaap-eps-11-04-2025-0pt42,PINS,2025-11-04,nongaap,Non-GAAP,0.42,0.38,0.43,0.40412142332677436,0.05101247619232698,0.41,0.38
pjt-quarterly-earnings-nongaap-eps-11-04-2025-1pt4,PJT,2025-11-04,nongaap,Non-GAAP,1.4,1.85,1.4,0.9385683790903224,0.2811812205462498,1.95,1.52
plby-quarterly-earnings-gaap-eps-11-12-2025-neg0pt02,PLBY,2025-11-12,gaap,GAAP,-0.02,0.0,-0.02,0.7481922579365224,1.5877533202801393,1.15,0.18
pxlw-quarterly-earnings-nongaap-eps-11-11-2025-neg0pt86,PXLW,2025-11-11,nongaap,Non-GAAP,-0.86,-0.69,-0.8,0.8898643013952949,0.06954776406964822,-0.76,-0.88
pypl-quarterly-earnings-nongaap-eps-02-03-2026-1pt29,PYPL,2026-02-03,nongaap,Non-GAAP,1.29,5.31,1.28,0.9080936799835492,0.06126816366423823,1.39,1.29
pypl-quarterly-earnings-nongaap-eps-10-28-2025-1pt21,PYPL,2025-10-28,nongaap,Non-GAAP,1.21,1.34,1.2,0.7973397454391644,0.06067174470921871,1.27,1.14
qcom-quarterly-earnings-nongaap-eps-02-04-2026-3pt39,QCOM,2026-02-04,nongaap,Non-GAAP,3.39,3.5,3.41,0.9122304501604541,0.14182789399533333,3.62,3.35
qcom-quarterly-earnings-nongaap-eps-11-05-2025-2pt86,QCOM,2025-11-05,nongaap,Non-GAAP,2.86,12.03,2.86,0.93736695888095,0.14850772860206787,3.15,2.85
rblx-quarterly-earnings-gaap-eps-02-05-2026-neg0pt47,RBLX,2026-02-05,gaap,GAAP,-0.47,-1.54,-0.45,0.682385594578551,0.05976595767633693,-0.44,-0.47
rblx-quarterly-earnings-gaap-eps-10-30-2025-neg0pt51,RBLX,2025-10-30,gaap,GAAP,-0.51,-0.37,-0.51,0.9989246345510462,0.09179605193860546,0.14,-0.46
rbrk-quarterly-earnings-nongaap-eps-12-04-2025-neg0pt17,RBRK,2025-12-04,nongaap,Non-GAAP,-0.17,0.1,-0.17,0.9262547114024963,0.0792464510246358,-0.03,-0.29
rddt-quarterly-earnings-gaap-eps-02-05-2026-0pt93,RDDT,2026-02-05,gaap,GAAP,0.93,2.62,0.94,0.9345154710651207,0.6631454627469786,2.19,1.71
rddt-quarterly-earnings-gaap-eps-10-30-2025-0pt51,RDDT,2025-10-30,gaap,GAAP,0.51,0.8,0.51,0.9949999999999999,0.709349467235062,3.78,1.99
real-quarterly-earnings-nongaap-eps-11-10-2025-neg0pt06,REAL,2025-11-10,nongaap,Non-GAAP,-0.06,-0.04,-0.06,0.8037328468135297,0.02998737107921307,-0.03,-0.07
rh-quarterly-earnings-nongaap-eps-12-11-2025-2pt16,RH,2025-12-11,nongaap,Non-GAAP,2.16,1.71,2.16,0.550212397474588,0.7612723599741462,2.26,2.43
rl-quarterly-earnings-nongaap-eps-02-05-2026-5pt78,RL,2026-02-05,nongaap,Non-GAAP,5.78,6.22,5.78,0.9051706957084386,0.15459379814288288,6.02,5.6
rl-quarterly-earnings-nongaap-eps-11-06-2025-3pt45,RL,2025-11-06,nongaap,Non-GAAP,3.45,3.79,3.43,0.9014042156601476,0.158752236920532,3.7,3.27
roku-quarterly-earnings-gaap-eps-02-12-2026-0pt28,ROKU,2026-02-12,gaap,GAAP,0.28,0.59,0.27,0.7835521476273979,0.20011171122574756,0.45,0.21
roku-quarterly-earnings-gaap-eps-10-30-2025-0pt08,ROKU,2025-10-30,gaap,GAAP,0.08,0.16,0.09,0.999,0.20423360065465146,1.55,0.41
rum-quarterly-earnings-gaap-eps-11-12-2025-neg0pt06,RUM,2025-11-12,gaap,GAAP,-0.06,-0.06,-0.06,0.421259671686826,0.30197707117453715,-0.12,-0.06
sam-quarterly-earnings-gaap-eps-10-23-2025-3pt61,SAM,2025-10-23,gaap,GAAP,3.61,4.25,3.48,0.45878288190913724,1.3762874963928404,3.46,4.06
sbux-quarterly-earnings-gaap-eps-01-28-2026-0pt58,SBUX,2026-01-28,gaap,GAAP,0.58,0.26,0.58,0.32625840083306984,0.1776786339707084,0.49,0.58
sbux-quarterly-earnings-gaap-eps-10-29-2025-0pt51,SBUX,2025-10-29,gaap,GAAP,0.51,1.63,0.61,0.291590940034004,0.12693054650620408,0.43,0.5
schw-quarterly-earnings-nongaap-eps-01-21-2026-1pt36,SCHW,2026-01-21,nongaap,Non-GAAP,1.36,4.87,1.39,0.9334189812111308,0.04440686542607682,1.44,1.38
schw-quarterly-earnings-nongaap-eps-2025-10-16-1pt21,SCHW,2025-10-16,nongaap,Non-GAAP,1.21,1.31,1.21,0.9939290732476103,0.03854159500402836,1.38,1.24
sg-quarterly-earnings-gaap-eps-11-06-2025-neg0pt17,SG,2025-11-06,gaap,GAAP,-0.17,-0.31,-0.17,0.39135806564728076,0.043134743080329815,-0.18,-0.16
shak-quarterly-earnings-nongaap-eps-10-30-2025-0pt31,SHAK,2025-10-30,nongaap,Non-GAAP,0.31,0.36,0.32,0.8206142706293562,0.03528026317499587,0.35,0.29
shop-quarterly-earnings-gaap-eps-11-04-2025-0pt25,SHOP,2025-11-04,gaap,GAAP,0.25,0.2,0.28,0.9401331434854564,0.44627753289140193,1.13,0.84
smtc-quarterly-earnings-nongaap-eps-11-24-2025-0pt45,SMTC,2025-11-24,nongaap,Non-GAAP,0.45,0.48,0.45,0.9989985835945744,0.05230302152463145,0.83,0.48
sndk-quarterly-earnings-nongaap-eps-11-06-2025-0pt88,SNDK,2025-11-06,nongaap,Non-GAAP,0.88,1.22,0.89,0.9420123459240618,,,
snex-quarterly-earnings-gaap-eps-11-18-2025-1pt56,SNEX,2025-11-18,gaap,GAAP,1.56,5.89,1.6,0.9966373629989497,0.2257328755158726,2.72,1.74
snow-quarterly-earnings-nongaap-eps-12-03-2025-0pt31,SNOW,2025-12-03,nongaap,Non-GAAP,0.31,0.35,0.31,0.8965478343923815,0.056104610084442,0.39,0.29
sono-quarterly-earnings-nongaap-eps-11-05-2025-0pt05,SONO,2025-11-05,nongaap,Non-GAAP,0.05,-0.51,-0.24,0.5634605301484352,0.1470389558771911,0.08,0.08
spgi-quarterly-earnings-nongaap-eps-02-10-2026-4pt33,SPGI,2026-02-10,nongaap,Non-GAAP,4.33,17.83,4.31,0.8740699683822325,0.14822944949290517,4.53,4.34
spgi-quarterly-earnings-nongaap-eps-10-30-2025-4pt41,SPGI,2025-10-30,nongaap,Non-GAAP,4.41,4.73,4.38,0.8499999413793203,0.14366153404316817,4.58,4.37
sstk-quarterly-earnings-nongaap-eps-11-04-2025-1pt15,SSTK,2025-11-04,nongaap,Non-GAAP,1.15,0.99,1.3,0.004534100485580198,0.16177753149609403,0.38,0.71
stba-quarterly-earnings-gaap-eps-10-23-2025-0pt86,STBA,2025-10-23,gaap,GAAP,0.86,0.91,0.86,0.7351618150509304,0.058303282302737715,0.9,0.84
stt-quarterly-earnings-gaap-eps-01-16-2026-2pt67,STT,2026-01-16,gaap,GAAP,2.67,9.4,2.41,0.3000570052098574,0.1842675919811876,2.57,2.6
stt-quarterly-earnings-gaap-eps-2025-10-17-2pt58,STT,2025-10-17,gaap,GAAP,2.58,2.78,2.61,0.8635738297179529,0.17698998430830637,2.8,2.85
sun-quarterly-earnings-gaap-eps-02-17-2026-1pt62,SUN,2026-02-17,gaap,GAAP,1.62,2.28,1.7,0.17731215804044623,1.446205362083194,0.11,-0.11
sun-quarterly-earnings-gaap-eps-11-05-2025-1pt37,SUN,2025-11-05,gaap,GAAP,1.37,0.64,1.78,0.3640440381902413,1.3969556220310804,0.85,1.05
syy-quarterly-earnings-nongaap-eps-10-28-2025-1pt12,SYY,2025-10-28,nongaap,Non-GAAP,1.12,1.15,1.12,0.7050405941277339,0.04706539615419711,1.15,1.14
t-quarterly-earnings-nongaap-eps-01-28-2026-0pt47,T,2026-01-28,nongaap,Non-GAAP,0.47,2.12,0.46,0.7127654652276801,0.01729862492345634,0.48,0.46
t-quarterly-earnings-nongaap-eps-10-22-2025-0pt54,T,2025-10-22,nongaap,Non-GAAP,0.54,0.54,0.53,0.7470498309812955,0.017888543819998336,0.55,0.53
tdoc-quarterly-earnings-gaap-eps-10-29-2025-neg0pt26,TDOC,2025-10-29,gaap,GAAP,-0.26,-0.28,-0.26,0.5912154437710616,6.723437446295045,1.4,-0.23
tfx-quarterly-earnings-nongaap-eps-11-06-2025-3pt38,TFX,2025-11-06,nongaap,Non-GAAP,3.38,3.67,3.38,0.854958072173905,0.11336452333739666,3.52,3.32
tgt-quarterly-earnings-nongaap-eps-11-19-2025-1pt73,TGT,2025-11-19,nongaap,Non-GAAP,1.73,1.78,1.76,0.5128590954906936,0.4054505537240657,1.74,1.54
tko-quarterly-earnings-gaap-eps-11-05-2025-0pt52,TKO,2025-11-05,gaap,GAAP,0.52,0.47,0.72,0.4134435234274829,0.5233950938272389,0.4,0.7
tmus-quarterly-earnings-gaap-eps-02-11-2026-2pt07,TMUS,2026-02-11,gaap,GAAP,2.07,9.72,2.05,0.28337265295495495,0.1359144115711328,1.99,1.89
tmus-quarterly-earnings-gaap-eps-10-23-2025-2pt4,TMUS,2025-10-23,gaap,GAAP,2.4,2.41,2.41,0.7563917274668762,0.14856893104793908,2.51,2.33
tost-quarterly-earnings-gaap-eps-02-12-2026-0pt12,TOST,2026-02-12,gaap,GAAP,0.12,0.56,0.13,0.697025538083854,0.03396745322787505,0.14,0.12
tost-quarterly-earnings-gaap-eps-11-04-2025-0pt12,TOST,2025-11-04,gaap,GAAP,0.12,0.16,0.15,0.787019001846818,0.03800916954758377,0.15,0.14
tpg-quarterly-earnings-gaap-eps-02-09-2026-0pt68,TPG,2026-02-09,gaap,GAAP,0.68,0.45,1.72,0.02979969817600155,0.4885438409656339,-0.59,1.52
trip-quarterly-earnings-nongaap-eps-02-12-2026-0pt13,TRIP,2026-02-12,nongaap,Non-GAAP,0.13,1.27,0.15,0.8093471798871097,0.05124953806148062,0.18,0.13
trip-quarterly-earnings-nongaap-eps-11-06-2025-0pt55,TRIP,2025-11-06,nongaap,Non-GAAP,0.55,0.65,0.56,0.8444094055787796,0.07051756712144337,0.63,0.54
tsla-quarterly-earnings-nongaap-eps-01-28-2026-0pt45,TSLA,2026-01-28,nongaap,Non-GAAP,0.45,1.66,0.44,0.1535101048047943,0.08979353422089359,0.34,0.37
tsla-quarterly-earnings-nongaap-eps-2025-10-22-0pt5,TSLA,2025-10-22,nongaap,Non-GAAP,0.5,0.5,0.53,0.46516138272209107,0.0941082548789618,0.49,0.52
tsn-quarterly-earnings-nongaap-eps-02-02-2026-0pt94,TSN,2026-02-02,nongaap,Non-GAAP,0.94,0.97,0.92,0.9198089874384024,0.35761414791347224,1.56,1.13
tsn-quarterly-earnings-nongaap-eps-11-10-2025-0pt83,TSN,2025-11-10,nongaap,Non-GAAP,0.83,4.12,0.85,0.8926858114067794,0.34973908023328515,1.35,1.33
uaa-quarterly-earnings-nongaap-eps-02-06-2026-neg0pt01,UAA,2026-02-06,nongaap,Non-GAAP,-0.01,0.09,-0.02,0.407681221042206,0.03472838329177743,-0.02,-0.05
uaa-quarterly-earnings-nongaap-eps-11-06-2025-0pt02,UAA,2025-11-06,nongaap,Non-GAAP,0.02,0.04,0.02,0.7368708182317236,0.03423404295390331,0.04,-0.01
uhalb-quarterly-earnings-gaap-eps-02-04-2026-neg0pt04,UHAL.B,2026-02-04,gaap,GAAP,-0.04,,,0.4,,,
unp-quarterly-earnings-gaap-eps-01-27-2026-2pt87,UNP,2026-01-27,gaap,GAAP,2.87,11.98,2.88,0.6599529065616023,0.14241158873511878,2.93,2.87
unp-quarterly-earnings-gaap-eps-10-23-2025-2pt98,UNP,2025-10-23,gaap,GAAP,2.98,3.01,2.98,0.831947741224124,0.1492039482782483,3.14,3.13
unty-quarterly-earnings-gaap-eps-01-21-2026-1pt36,UNTY,2026-01-21,gaap,GAAP,1.36,5.67,1.36,0.9745169968074446,0.12010096762408883,1.69,1.36
unty-quarterly-earnings-gaap-eps-2025-10-10-1pt29,UNTY,2025-10-10,gaap,GAAP,1.29,1.41,1.28,0.9989995014992492,0.12501636256542947,2.19,1.32
usar-quarterly-earnings-nongaap-eps-11-06-2025-neg0pt07,USAR,2025-11-06,nongaap,Non-GAAP,-0.07,-0.25,-0.1,0.6947448073214989,,,
usb-quarterly-earnings-gaap-eps-01-20-2026-1pt19,USB,2026-01-20,gaap,GAAP,1.19,4.62,1.19,0.8396750413410634,0.12246211535397264,1.33,1.33
usb-quarterly-earnings-gaap-eps-2025-10-16-1pt12,USB,2025-10-16,gaap,GAAP,1.12,1.22,1.11,0.9989999010990099,0.11524677080863563,1.95,1.4
usfd-quarterly-earnings-nongaap-eps-02-12-2026-1pt01,USFD,2026-02-12,nongaap,Non-GAAP,1.01,3.98,1.01,0.6793494045896202,0.03128558579902059,1.03,1.0
v-quarterly-earnings-nongaap-eps-01-29-2026-3pt14,V,2026-01-29,nongaap,Non-GAAP,3.14,3.17,3.14,0.9043831415882176,0.04960449637488589,3.22,3.13
vik-quarterly-earnings-nongaap-eps-11-19-2025-1pt19,VIK,2025-11-19,nongaap,Non-GAAP,1.19,1.15,1.19,0.801428938131531,0.09071934744033379,1.28,1.19
virt-quarterly-earnings-nongaap-eps-10-29-2025-0pt95,VIRT,2025-10-29,nongaap,Non-GAAP,0.95,1.05,0.96,0.8852643650675976,0.1490652694139535,1.16,1.07
way-quarterly-earnings-nongaap-eps-02-17-2026-0pt4,WAY,2026-02-17,nongaap,Non-GAAP,0.4,1.42,0.39,0.41149021102175204,0.05344779384283943,0.39,0.37
way-quarterly-earnings-nongaap-eps-10-29-2025-0pt35,WAY,2025-10-29,nongaap,Non-GAAP,0.35,0.37,0.35,0.8799999823999798,0.05770615218501402,0.43,0.34
wb-quarterly-earnings-nongaap-eps-11-18-2025-0pt43,WB,2025-11-18,nongaap,Non-GAAP,0.43,0.42,0.44,0.3669693711387546,0.09889143113291037,0.39,0.36
wday-quarterly-earnings-nongaap-eps-11-25-2025-2pt17,WDAY,2025-11-25,nongaap,Non-GAAP,2.17,2.32,2.18,0.9989972098540383,0.041742355496836095,2.47,2.09
wdfc-quarterly-earnings-gaap-eps-01-08-2026-1pt45,WDFC,2026-01-08,gaap,GAAP,1.45,1.28,1.36,0.915950310172174,0.24378954209180778,1.86,1.53
wdfc-quarterly-earnings-gaap-eps-10-22-2025-1pt26,WDFC,2025-10-22,gaap,GAAP,1.26,6.69,1.26,0.720000156800069,0.2524214891442846,1.42,1.22
wen-quarterly-earnings-nongaap-eps-02-13-2026-0pt15,WEN,2026-02-13,nongaap,Non-GAAP,0.15,0.88,0.15,0.6973590093610845,0.01758098145983065,0.16,0.15
wen-quarterly-earnings-nongaap-eps-11-07-2025-0pt2,WEN,2025-11-07,nongaap,Non-GAAP,0.2,0.24,0.2,0.38600713339160186,0.014847711791873705,0.2,0.18
wfc-quarterly-earnings-gaap-eps-2025-10-14-1pt53,WFC,2025-10-14,gaap,GAAP,1.53,1.66,1.52,0.9989999999999999,0.22406573710733763,3.14,2.1
wing-quarterly-earnings-gaap-eps-02-18-2026-0pt84,WING,2026-02-18,gaap,GAAP,0.84,6.21,0.85,0.8515929777754585,0.6515403871293061,1.62,0.81
wing-quarterly-earnings-gaap-eps-11-04-2025-0pt91,WING,2025-11-04,gaap,GAAP,0.91,1.02,0.96,0.8011257940202351,0.6509629908485931,1.53,0.87
wix-quarterly-earnings-nongaap-eps-11-19-2025-1pt49,WIX,2025-11-19,nongaap,Non-GAAP,1.49,1.68,1.47,0.9974819215603722,0.2902141320202075,3.11,1.73
wmt-quarterly-earnings-nongaap-eps-11-20-2025-0pt6,WMT,2025-11-20,nongaap,Non-GAAP,0.6,0.62,0.6,0.9179305802774135,0.05805415002406662,0.7,0.6
wrby-quarterly-earnings-gaap-eps-11-06-2025-0pt05,WRBY,2025-11-06,gaap,GAAP,0.05,0.05,0.05,0.3511252801364466,0.02485088102822087,0.04,0.06
wsm-quarterly-earnings-gaap-eps-11-19-2025-1pt86,WSM,2025-11-19,gaap,GAAP,1.86,1.96,1.85,0.8622770274791559,0.20889862700275547,2.12,1.83
wwd-quarterly-earnings-gaap-eps-11-24-2025-1pt88,WWD,2025-11-24,gaap,GAAP,1.88,7.193,1.89,0.9922208827222082,0.17455571308237658,2.59,2.04
wynn-quarterly-earnings-nongaap-eps-02-12-2026-1pt48,WYNN,2026-02-12,nongaap,Non-GAAP,1.48,4.19,1.5,0.3221773154019663,0.43583427487006465,1.26,1.17
xom-quarterly-earnings-nongaap-eps-01-30-2026-1pt69,XOM,2026-01-30,nongaap,Non-GAAP,1.69,6.99,1.69,0.8959801558146516,0.13162158798708676,1.89,1.8
xom-quarterly-earnings-nongaap-eps-2025-10-31-1pt75,XOM,2025-10-31,nongaap,Non-GAAP,1.75,1.88,1.81,0.8453006864776361,0.22676913904727528,2.01,1.85
yelp-quarterly-earnings-gaap-eps-02-12-2026-0pt53,YELP,2026-02-12,gaap,GAAP,0.53,2.24,0.54,0.7304207167970805,0.1326735570009063,0.62,0.48
yelp-quarterly-earnings-gaap-eps-11-06-2025-0pt53,YELP,2025-11-06,gaap,GAAP,0.53,0.61,0.52,0.6753641862707394,0.14443201189696855,0.6,0.49
yum-quarterly-earnings-nongaap-eps-02-04-2026-1pt76,YUM,2026-02-04,nongaap,Non-GAAP,1.76,6.05,1.77,0.6731450512296528,0.09651503258638783,1.81,1.8
